on_time_rank,carrier,airline,flights,on_time_pct,cancel_rate_pct,avg_arr_delay_min,share_of_nyc_flights_pct
1,US,US Airways Inc.,20536,82.1,3.23,2.1,6.1
2,VX,Virgin America,5162,81.9,0.6,1.8,1.5
3,DL,Delta Air Lines Inc.,48110,81.8,0.73,1.6,14.4
4,AA,American Airlines Inc.,32729,81.2,1.94,0.4,9.8
5,UA,United Air Lines Inc.,58665,78.2,1.17,3.6,17.5
6,9E,Endeavor Air Inc.,18460,75.1,5.66,7.4,5.5
6,WN,Southwest Airlines Co.,12275,75.1,1.56,9.6,3.7
8,B6,JetBlue Airways,54635,73.9,0.85,9.5,16.3
9,MQ,Envoy Air,26397,72.9,4.67,10.8,7.9
10,EV,ExpressJet Airlines Inc.,54173,68.6,5.2,15.8,16.2
11,FL,AirTran Airways Corporation,3260,66.5,2.24,20.1,1.0
