sched_dep_hour,flights,on_time_pct,avg_dep_delay_min,pct_delayed_over_1hr
5,1944,90.1,0.7,1.4
6,25526,88.7,1.6,2.2
7,22532,88.6,1.9,2.2
8,26800,84.3,4.1,3.4
9,19985,83.6,4.6,3.6
10,16418,82.3,6.5,4.9
11,15737,82.2,7.2,4.8
12,17793,80.1,8.6,5.6
13,19527,77.1,11.4,6.9
14,21140,74.3,13.8,8.2
15,23218,70.5,16.9,9.5
16,22162,70.6,18.8,11.4
17,23766,67.4,21.1,12.3
18,21157,67.4,21.1,12.7
19,20580,65.9,24.8,15.3
20,16103,65.3,24.3,15.5
21,10524,63.4,24.2,17.0
22,2561,66.9,18.8,13.2
23,1048,70.4,14.0,9.0
